{"cameraMode":{"drawMode":0,"name":"Shaded","section":"Shading Mode"},"sceneLighting":true,"audioPlay":false,"sceneViewState":{"m_AlwaysRefresh":false,"showFog":true,"showSkybox":true,"showFlares":true,"showImageEffects":true,"showParticleSystems":true,"showVisualEffectGraphs":true,"m_FxEnabled":true},"in2DMode":false,"pivot":{"x":0.1905308961868286,"y":1.2288668155670167,"z":-0.017376482486724855},"rotation":{"x":-0.021569155156612397,"y":-0.7750048637390137,"z":-0.02652127481997013,"w":0.631077229976654},"size":3.7124669551849367,"orthographic":false}